Categoria,Instância,Região,SO,Tenancy,vCPU,RAM_GiB,GPU,Preço_USD,Indice_custo_beneficio,Cluster,PCA1,PCA2
Uso Geral,t3.nano,US East (N. Virginia),Linux,Shared,2,0.5,0,0.0052,480.7692307692308,2,-0.5624805932895772,0.9797764846964303
Uso Geral,t3.nano,US East (N. Virginia),Linux,Dedicated,2,0.5,0,0.0052,480.7692307692308,2,-0.5585774391520089,0.9359797367696541
Uso Geral,t3.nano,US East (N. Virginia),Windows,Shared,2,0.5,0,0.0052,480.7692307692308,2,-0.5816833716838007,0.9724541022186581
Uso Geral,t3.nano,US East (N. Virginia),Windows,Dedicated,2,0.5,0,0.0098,255.10204081632654,2,-0.6289680534158764,0.4291180585412853
Uso Geral,t3.nano,US East (N. Virginia),SUSE,Shared,2,0.5,0,0.0052,480.7692307692308,2,-0.5560895426537283,1.0121079670312894
Uso Geral,t3.nano,US East (N. Virginia),SUSE,Dedicated,2,0.5,0,0.0052,480.7692307692308,2,-0.55218638851616,0.9683112191045129
Uso Geral,t3.nano,US West (Oregon),Linux,Shared,2,0.5,0,0.0052,480.7692307692308,2,-0.5627497193212204,0.9234556842158645
Uso Geral,t3.nano,US West (Oregon),Linux,Dedicated,2,0.5,0,0.0052,480.7692307692308,2,-0.558846565183652,0.8796589362890883
Uso Geral,t3.nano,US West (Oregon),Windows,Shared,2,0.5,0,0.0052,480.7692307692308,2,-0.5819524977154439,0.9161333017380926
Uso Geral,t3.nano,US West (Oregon),Windows,Dedicated,2,0.5,0,0.0098,255.10204081632654,2,-0.6292371794475196,0.37279725806071956
Uso Geral,t3.nano,US West (Oregon),SUSE,Shared,2,0.5,0,0.0052,480.7692307692308,2,-0.5563586686853715,0.9557871665507236
Uso Geral,t3.nano,US West (Oregon),SUSE,Dedicated,2,0.5,0,0.0052,480.7692307692308,2,-0.5524555145478032,0.9119904186239474
Uso Geral,t3.nano,South America (Sao Paulo),Linux,Shared,2,0.5,0,0.0084,297.61904761904765,2,-0.5888423672066497,0.4967089693378945
Uso Geral,t3.nano,South America (Sao Paulo),Linux,Dedicated,2,0.5,0,0.0084,297.61904761904765,2,-0.5849392130690814,0.4529122214111181
Uso Geral,t3.nano,South America (Sao Paulo),Windows,Shared,2,0.5,0,0.013,192.30769230769232,2,-0.6317346362370878,0.2561662820079898
Uso Geral,t3.nano,South America (Sao Paulo),Windows,Dedicated,2,0.5,0,0.013,192.30769230769232,2,-0.6278314820995194,0.2123695340812135
Uso Geral,t3.nano,South America (Sao Paulo),SUSE,Shared,2,0.5,0,0.0084,297.61904761904765,2,-0.5824513165708008,0.5290404516727536
Uso Geral,t3.nano,South America (Sao Paulo),SUSE,Dedicated,2,0.5,0,0.0084,297.61904761904765,2,-0.5785481624332325,0.4852437037459771
Uso Geral,t3.nano,Asia Pacific (Tokyo),Linux,Shared,2,0.5,0,0.0068,367.64705882352945,2,-0.5833035213412637,0.6762856847256027
Uso Geral,t3.nano,Asia Pacific (Tokyo),Linux,Dedicated,2,0.5,0,0.0068,367.64705882352945,2,-0.5794003672036954,0.6324889367988262
Uso Geral,t3.nano,Asia Pacific (Tokyo),Windows,Shared,2,0.5,0,0.0114,219.29824561403507,2,-0.6360287899830366,0.34051128393200564
Uso Geral,t3.nano,Asia Pacific (Tokyo),Windows,Dedicated,2,0.5,0,0.0114,219.29824561403507,2,-0.6321256358454682,0.2967145360052293
Uso Geral,t3.nano,Asia Pacific (Tokyo),SUSE,Shared,2,0.5,0,0.0068,367.64705882352945,2,-0.5769124707054148,0.7086171670604617
Uso Geral,t3.nano,Asia Pacific (Tokyo),SUSE,Dedicated,2,0.5,0,0.0068,367.64705882352945,2,-0.5730093165678465,0.6648204191336853
Uso Geral,t3.micro,US East (N. Virginia),Linux,Shared,2,1.0,0,0.0104,288.46153846153845,2,-0.6049237785480429,0.5540827227412037
Uso Geral,t3.micro,US East (N. Virginia),Linux,Dedicated,2,1.0,0,0.011,272.72727272727275,2,-0.6045670522404173,0.4754448292733446
Uso Geral,t3.micro,US East (N. Virginia),Windows,Shared,2,1.0,0,0.0196,153.06122448979593,2,-0.6543190724438027,0.24676909987070672
Uso Geral,t3.micro,US East (N. Virginia),Windows,Dedicated,2,1.0,0,0.0202,148.5148514851485,2,-0.6514061880767867,0.19288736642538487
Uso Geral,t3.micro,US East (N. Virginia),RHEL,Shared,2,1.0,0,0.0392,76.53061224489797,2,-0.6439380670934205,0.06192257526787123
Uso Geral,t3.micro,US East (N. Virginia),RHEL,Dedicated,2,1.0,0,0.0398,75.37688442211055,2,-0.6402500468242429,0.015547963051864344
Uso Geral,t3.micro,US East (N. Virginia),SUSE,Shared,2,1.0,0,0.0104,288.46153846153845,2,-0.598532727912194,0.5864142050760628
Uso Geral,t3.micro,US East (N. Virginia),SUSE,Dedicated,2,1.0,0,0.011,272.72727272727275,2,-0.5981760016045684,0.5077763116082037
Uso Geral,t3.micro,US West (Oregon),Linux,Shared,2,1.0,0,0.0104,288.46153846153845,2,-0.6051929045796861,0.4977619222606378
Uso Geral,t3.micro,US West (Oregon),Linux,Dedicated,2,1.0,0,0.011,272.72727272727275,2,-0.6048361782720605,0.4191240287927788
Uso Geral,t3.micro,US West (Oregon),Windows,Shared,2,1.0,0,0.0196,153.06122448979593,2,-0.6545881984754459,0.19044829939014093
Uso Geral,t3.micro,US West (Oregon),Windows,Dedicated,2,1.0,0,0.0202,148.5148514851485,2,-0.6516753141084299,0.13656656594481908
Uso Geral,t3.micro,US West (Oregon),RHEL,Shared,2,1.0,0,0.0392,76.53061224489797,2,-0.6442071931250637,0.005601774787305475
Uso Geral,t3.micro,US West (Oregon),RHEL,Dedicated,2,1.0,0,0.0398,75.37688442211055,2,-0.6405191728558861,-0.04077283742870142
Uso Geral,t3.micro,US West (Oregon),SUSE,Shared,2,1.0,0,0.0104,288.46153846153845,2,-0.5988018539438372,0.5300934045954968
Uso Geral,t3.micro,US West (Oregon),SUSE,Dedicated,2,1.0,0,0.011,272.72727272727275,2,-0.5984451276362116,0.4514555111276378
Uso Geral,t3.micro,South America (Sao Paulo),Linux,Shared,2,1.0,0,0.0168,178.57142857142858,2,-0.6142889517539596,0.23298941901409703
Uso Geral,t3.micro,South America (Sao Paulo),Linux,Dedicated,2,1.0,0,0.0177,169.4915254237288,2,-0.6123876351478181,0.16906358703546207
Uso Geral,t3.micro,South America (Sao Paulo),Windows,Shared,2,1.0,0,0.0168,178.57142857142858,2,-0.633491730148183,0.22566703653632497
Uso Geral,t3.micro,South America (Sao Paulo),Windows,Dedicated,2,1.0,0,0.0269,111.52416356877323,2,-0.6440914057693423,0.03309076979727278
Uso Geral,t3.micro,South America (Sao Paulo),RHEL,Shared,2,1.0,0,0.0456,65.78947368421052,2,-0.6306501412512033,-0.03977750941244582
Uso Geral,t3.micro,South America (Sao Paulo),RHEL,Dedicated,2,1.0,0,0.0465,64.51612903225806,2,-0.6269652182146769,-0.08642927414565665
Uso Geral,t3.micro,South America (Sao Paulo),SUSE,Shared,2,1.0,0,0.0168,178.57142857142858,2,-0.6078979011181107,0.26532090134895603
Uso Geral,t3.micro,South America (Sao Paulo),SUSE,Dedicated,2,1.0,0,0.0177,169.4915254237288,2,-0.6059965845119692,0.20139506937032106
Uso Geral,t3.micro,Asia Pacific (Tokyo),Linux,Shared,2,1.0,0,0.0136,220.58823529411765,2,-0.6152792152811438,0.3506504652744715
Uso Geral,t3.micro,Asia Pacific (Tokyo),Linux,Dedicated,2,1.0,0,0.0145,206.8965517241379,2,-0.6144315769662986,0.2765198541759476
Uso Geral,t3.micro,Asia Pacific (Tokyo),Windows,Shared,2,1.0,0,0.0228,131.57894736842104,2,-0.6540753018036468,0.14598920886483768
Uso Geral,t3.micro,Asia Pacific (Tokyo),Windows,Dedicated,2,1.0,0,0.0237,126.58227848101266,2,-0.6512410666922009,0.09109860838155592
Uso Geral,t3.micro,Asia Pacific (Tokyo),RHEL,Shared,2,1.0,0,0.0424,70.75471698113208,2,-0.6401057748666303,-0.004102808161010253
Uso Geral,t3.micro,Asia Pacific (Tokyo),RHEL,Dedicated,2,1.0,0,0.0432,69.44444444444444,2,-0.6364373663653308,-0.05083212931067591
Uso Geral,t3.micro,Asia Pacific (Tokyo),SUSE,Shared,2,1.0,0,0.0136,220.58823529411765,2,-0.6088881646452949,0.3829819476093305
Uso Geral,t3.micro,Asia Pacific (Tokyo),SUSE,Dedicated,2,1.0,0,0.0144,208.33333333333334,2,-0.6077203345268557,0.31203475058631
Uso Geral,t3a.small,US East (N. Virginia),Linux,Shared,2,2.0,0,0.0188,212.7659574468085,2,-0.6193911275431643,0.38634477181424676
Uso Geral,t3a.small,US East (N. Virginia),Windows,Shared,2,2.0,0,0.0372,107.52688172043011,2,-0.661152198138744,0.14538845865963623
Uso Geral,t3a.small,US East (N. Virginia),RHEL,Shared,2,2.0,0,0.0476,84.03361344537815,2,-0.6393965882780794,0.07828340547377821
Uso Geral,t3a.small,US East (N. Virginia),SUSE,Shared,2,2.0,0,0.0498,80.32128514056225,2,-0.6407564229087176,0.12431908558330806
Uso Geral,t3a.small,US West (Oregon),Linux,Shared,2,2.0,0,0.0188,212.7659574468085,2,-0.6196602535748075,0.330023971333681
Uso Geral,t3a.small,US West (Oregon),Windows,Shared,2,2.0,0,0.0372,107.52688172043011,2,-0.6614213241703872,0.08906765817907042
Uso Geral,t3a.small,US West (Oregon),RHEL,Shared,2,2.0,0,0.0476,84.03361344537815,2,-0.6396657143097226,0.021962604993212453
Uso Geral,t3a.small,US West (Oregon),SUSE,Shared,2,2.0,0,0.0498,80.32128514056225,2,-0.6410255489403608,0.0679982851027423
Uso Geral,t3a.small,South America (Sao Paulo),Linux,Shared,2,2.0,0,0.0302,132.4503311258278,2,-0.6215953881997277,0.13048499129466676
Uso Geral,t3a.small,South America (Sao Paulo),Windows,Shared,2,2.0,0,0.0486,82.3045267489712,2,-0.6507690026065807,0.011437054869760162
Uso Geral,t3a.small,South America (Sao Paulo),RHEL,Shared,2,2.0,0,0.059,67.79661016949153,2,-0.6269604610895115,-0.03578554057269464
Uso Geral,t3a.small,South America (Sao Paulo),SUSE,Shared,2,2.0,0,0.0612,65.35947712418302,2,-0.6280289449967685,0.013071844988190792
Uso Geral,t3a.small,Asia Pacific (Tokyo),Linux,Shared,2,2.0,0,0.0245,163.26530612244898,2,-0.6253469300707006,0.22346294025247182
Uso Geral,t3a.small,Asia Pacific (Tokyo),Windows,Shared,2,2.0,0,0.0429,93.24009324009324,2,-0.6590624999195034,0.06042657544259686
Uso Geral,t3a.small,Asia Pacific (Tokyo),RHEL,Shared,2,2.0,0,0.0533,75.046904315197,2,-0.636095952407422,0.005049344081240428
Uso Geral,t3a.small,Asia Pacific (Tokyo),SUSE,Shared,2,2.0,0,0.0555,72.07207207207207,2,-0.6372872873440231,0.05271692851452897
Uso Geral,t3.medium,US East (N. Virginia),Linux,Shared,2,4.0,0,0.0416,144.23076923076923,2,-0.6289106299477611,0.23396016433473094
Uso Geral,t3.medium,US East (N. Virginia),Linux,Dedicated,2,4.0,0,0.0441,136.05442176870747,2,-0.6266736343488574,0.17196718723497387
Uso Geral,t3.medium,US East (N. Virginia),Windows,Shared,2,4.0,0,0.0416,144.23076923076923,2,-0.6481134083419846,0.22663778185695888
Uso Geral,t3.medium,US East (N. Virginia),Windows,Dedicated,2,4.0,0,0.0625,96.0,2,-0.6535416162646227,0.07524909332228732
Uso Geral,t3.medium,US East (N. Virginia),RHEL,Shared,2,4.0,0,0.0704,85.22727272727272,2,-0.632984765650218,0.08019224257440491
Uso Geral,t3.medium,US East (N. Virginia),RHEL,Dedicated,2,4.0,0,0.0729,82.30452674897118,2,-0.6295474514481526,0.029824242775538023
Uso Geral,t3.medium,US East (N. Virginia),SUSE,Shared,2,4.0,0,0.0979,61.28702757916241,2,-0.6369225933615367,0.08041679480207087
Uso Geral,t3.medium,US East (N. Virginia),SUSE,Dedicated,2,4.0,0,0.1004,59.7609561752988,2,-0.633166173403269,0.03313930544156904
Uso Geral,t3.medium,US West (Oregon),Linux,Shared,2,4.0,0,0.0416,144.23076923076923,2,-0.6291797559794043,0.17763936385416515
Uso Geral,t3.medium,US West (Oregon),Linux,Dedicated,2,4.0,0,0.0441,136.05442176870747,2,-0.6269427603805006,0.11564638675440811
Uso Geral,t3.medium,US West (Oregon),Windows,Shared,2,4.0,0,0.06,100.0,2,-0.6570019304747697,0.07168000095730187
Uso Geral,t3.medium,US West (Oregon),Windows,Dedicated,2,4.0,0,0.0625,96.0,2,-0.6538107422962659,0.018928292841721553
Uso Geral,t3.medium,US West (Oregon),RHEL,Shared,2,4.0,0,0.0704,85.22727272727272,2,-0.6332538916818612,0.02387144209383915
Uso Geral,t3.medium,US West (Oregon),RHEL,Dedicated,2,4.0,0,0.0729,82.30452674897118,2,-0.6298165774797958,-0.02649655770502774
Uso Geral,t3.medium,US West (Oregon),SUSE,Shared,2,4.0,0,0.0979,61.28702757916241,2,-0.6371917193931799,0.024095994321505082
Uso Geral,t3.medium,US West (Oregon),SUSE,Dedicated,2,4.0,0,0.1004,59.7609561752988,2,-0.6334352994349122,-0.023181495038996733
Uso Geral,t3.medium,South America (Sao Paulo),Linux,Shared,2,4.0,0,0.0672,89.28571428571429,2,-0.6241713456109628,0.033649268177195435
Uso Geral,t3.medium,South America (Sao Paulo),Linux,Dedicated,2,4.0,0,0.0709,84.62623413258109,2,-0.6210339033399302,-0.020611588594239155
Uso Geral,t3.medium,South America (Sao Paulo),Windows,Shared,2,4.0,0,0.0856,70.09345794392523,2,-0.6462728363222522,-0.01690578876266027
Uso Geral,t3.medium,South America (Sao Paulo),Windows,Dedicated,2,4.0,0,0.0893,67.18924972004478,2,-0.6427343576275774,-0.06728264397868033
Uso Geral,t3.medium,South America (Sao Paulo),RHEL,Shared,2,4.0,0,0.096,62.5,2,-0.6208845112306766,-0.048828322916733426
Uso Geral,t3.medium,South America (Sao Paulo),RHEL,Dedicated,2,4.0,0,0.0997,60.18054162487463,2,-0.6172124315912353,-0.09791126504484801
Uso Geral,t3.medium,South America (Sao Paulo),SUSE,Shared,2,4.0,0,0.1235,48.582995951417004,2,-0.622532275108085,-0.02642470921599279
Uso Geral,t3.medium,South America (Sao Paulo),SUSE,Dedicated,2,4.0,0,0.1272,47.16981132075471,2,-0.6186531342291495,-0.07350228193412403
Uso Geral,t3.medium,Asia Pacific (Tokyo),Linux,Shared,2,4.0,0,0.0544,110.29411764705883,2,-0.6307369446872487,0.10522268816907024
Uso Geral,t3.medium,Asia Pacific (Tokyo),Linux,Dedicated,2,4.0,0,0.0579,103.62694300518135,2,-0.6280743660257827,0.046527590944438466
Uso Geral,t3.medium,Asia Pacific (Tokyo),Windows,Shared,2,4.0,0,0.0544,110.29411764705883,2,-0.6499397230814722,0.09790030569129818
Uso Geral,t3.medium,Asia Pacific (Tokyo),Windows,Dedicated,2,4.0,0,0.0763,78.63695937090432,2,-0.6515004946919575,-0.01685646499358338
Uso Geral,t3.medium,Asia Pacific (Tokyo),RHEL,Shared,2,4.0,0,0.0832,72.11538461538461,2,-0.6300531346111884,-0.0024649582973123377
Uso Geral,t3.medium,Asia Pacific (Tokyo),RHEL,Dedicated,2,4.0,0,0.0865,69.36416184971098,2,-0.6265120121962872,-0.05248666785681378
Uso Geral,t3.medium,Asia Pacific (Tokyo),SUSE,Shared,2,4.0,0,0.1107,54.200542005420054,2,-0.6326143061790158,0.011092384388707147
Uso Geral,t3.medium,Asia Pacific (Tokyo),SUSE,Dedicated,2,4.0,0,0.114,52.63157894736842,2,-0.6288030665264036,-0.03631326411109138
Uso Geral,m5.large,US East (N. Virginia),Linux,Shared,2,8.0,0,0.096,104.16666666666667,2,-0.6250752761333546,0.14347713520855132
Uso Geral,m5.large,US East (N. Virginia),Linux,Dedicated,2,8.0,0,0.102,98.03921568627452,2,-0.6220874483355681,0.08587241234898588
Uso Geral,m5.large,US East (N. Virginia),Windows,Shared,2,8.0,0,0.096,104.16666666666667,2,-0.644278054527578,0.1361547527307793
Uso Geral,m5.large,US East (N. Virginia),Windows,Dedicated,2,8.0,0,0.194,51.54639175257732,2,-0.6444814635535473,-0.028151347553421656
Uso Geral,m5.large,US East (N. Virginia),RHEL,Shared,2,8.0,0,0.125,80.0,2,-0.6211738990038351,0.06678656442456615
Uso Geral,m5.large,US East (N. Virginia),RHEL,Dedicated,2,8.0,0,0.134,74.62686567164178,2,-0.6177714057409753,0.010726278170067743
Uso Geral,m5.large,US East (N. Virginia),SUSE,Shared,2,8.0,0,0.152,65.78947368421053,2,-0.6229291126065907,0.08856146406743229
Uso Geral,m5.large,US East (N. Virginia),SUSE,Dedicated,2,8.0,0,0.158,63.291139240506325,2,-0.6191121210236382,0.03898711760617077
Uso Geral,m5.large,US West (Oregon),Linux,Shared,2,8.0,0,0.096,104.16666666666667,2,-0.6253444021649978,0.08715633472798556
Uso Geral,m5.large,US West (Oregon),Linux,Dedicated,2,8.0,0,0.102,98.03921568627452,2,-0.6223565743672113,0.02955161186842012
Uso Geral,m5.large,US West (Oregon),Windows,Shared,2,8.0,0,0.096,104.16666666666667,2,-0.6445471805592212,0.0798339522502135
Uso Geral,m5.large,US West (Oregon),Windows,Dedicated,2,8.0,0,0.194,51.54639175257732,2,-0.6447505895851905,-0.08447214803398742
Uso Geral,m5.large,US West (Oregon),RHEL,Shared,2,8.0,0,0.125,80.0,2,-0.6214430250354783,0.01046576394400038
Uso Geral,m5.large,US West (Oregon),RHEL,Dedicated,2,8.0,0,0.134,74.62686567164178,2,-0.6180405317726185,-0.04559452231049802
Uso Geral,m5.large,US West (Oregon),SUSE,Shared,2,8.0,0,0.152,65.78947368421053,2,-0.6231982386382339,0.03224066358686653
Uso Geral,m5.large,US West (Oregon),SUSE,Dedicated,2,8.0,0,0.158,63.291139240506325,2,-0.6193812470552814,-0.017333682874395004
Uso Geral,m5.large,South America (Sao Paulo),Linux,Shared,2,8.0,0,0.153,65.359477124183,2,-0.6141125761225298,-0.02242954701486155
Uso Geral,m5.large,South America (Sao Paulo),Linux,Dedicated,2,8.0,0,0.162,61.72839506172839,2,-0.6103120668036545,-0.07463508370171687
Uso Geral,m5.large,South America (Sao Paulo),Windows,Shared,2,8.0,0,0.153,65.359477124183,2,-0.6333153545167532,-0.02975192949263359
Uso Geral,m5.large,South America (Sao Paulo),Windows,Dedicated,2,8.0,0,0.254,39.37007874015748,2,-0.6271919411880494,-0.13525488747490577
Uso Geral,m5.large,South America (Sao Paulo),RHEL,Shared,2,8.0,0,0.182,54.94505494505495,2,-0.6070691496874728,-0.06868965395454632
Uso Geral,m5.large,South America (Sao Paulo),RHEL,Dedicated,2,8.0,0,0.197,50.76142131979695,2,-0.6029102394372164,-0.12236723195140872
Uso Geral,m5.large,South America (Sao Paulo),SUSE,Shared,2,8.0,0,0.209,47.84688995215311,2,-0.6071993638237368,-0.031176781191739743
Uso Geral,m5.large,South America (Sao Paulo),SUSE,Dedicated,2,8.0,0,0.218,45.87155963302752,2,-0.6030205559936633,-0.07971853095231063
Uso Geral,m5.large,Asia Pacific (Tokyo),Linux,Shared,2,8.0,0,0.124,80.64516129032258,2,-0.6232942181233602,0.03715416276713815
Uso Geral,m5.large,Asia Pacific (Tokyo),Linux,Dedicated,2,8.0,0,0.132,75.75757575757575,2,-0.6198615631409414,-0.017790156294545688
Uso Geral,m5.large,Asia Pacific (Tokyo),Windows,Shared,2,8.0,0,0.216,46.2962962962963,2,-0.6429136376898846,-0.04999788875521675
Uso Geral,m5.large,Asia Pacific (Tokyo),Windows,Dedicated,2,8.0,0,0.224,44.64285714285714,2,-0.6387420598796818,-0.09778580694343766
Uso Geral,m5.large,Asia Pacific (Tokyo),RHEL,Shared,2,8.0,0,0.153,65.359477124183,2,-0.6173637551290891,-0.019884894612686752
Uso Geral,m5.large,Asia Pacific (Tokyo),RHEL,Dedicated,2,8.0,0,0.165,60.6060606060606,2,-0.6135773489228833,-0.07469857965855356
Uso Geral,m5.large,Asia Pacific (Tokyo),SUSE,Shared,2,8.0,0,0.18,55.55555555555556,2,-0.6181121680311922,0.011640778917027042
Uso Geral,m5.large,Asia Pacific (Tokyo),SUSE,Dedicated,2,8.0,0,0.188,53.191489361702125,2,-0.6141029510051402,-0.037719588806955355
Uso Geral,m5.xlarge,US East (N. Virginia),Linux,Shared,4,16.0,0,0.192,104.16666666666667,2,-0.5477689145727395,0.14285193671099244
Uso Geral,m5.xlarge,US East (N. Virginia),Linux,Dedicated,4,16.0,0,0.204,98.03921568627452,2,-0.5442964414144714,0.08499783843928385
Uso Geral,m5.xlarge,US East (N. Virginia),Windows,Shared,4,16.0,0,0.192,104.16666666666667,2,-0.5669716929669629,0.1355295542332204
Uso Geral,m5.xlarge,US East (N. Virginia),Windows,Dedicated,4,16.0,0,0.388,51.54639175257732,2,-0.5592592277717342,-0.03284967778265208
Uso Geral,m5.xlarge,US East (N. Virginia),RHEL,Shared,4,16.0,0,0.25,80.0,2,-0.5415250848675593,0.06495605143498201
Uso Geral,m5.xlarge,US East (N. Virginia),RHEL,Dedicated,4,16.0,0,0.269,74.34944237918215,2,-0.5373782337298074,0.007866267374128377
Uso Geral,m5.xlarge,US East (N. Virginia),SUSE,Shared,4,16.0,0,0.248,80.64516129032258,2,-0.5422285921529771,0.12080838800702509
Uso Geral,m5.xlarge,US East (N. Virginia),SUSE,Dedicated,4,16.0,0,0.26,76.92307692307692,2,-0.5382065519401641,0.06827679704093978
Uso Geral,m5.xlarge,US West (Oregon),Linux,Shared,4,16.0,0,0.192,104.16666666666667,2,-0.5480380406043825,0.08653113623042669
Uso Geral,m5.xlarge,US West (Oregon),Linux,Dedicated,4,16.0,0,0.204,98.03921568627452,2,-0.5445655674461145,0.028677037958718093
Uso Geral,m5.xlarge,US West (Oregon),Windows,Shared,4,16.0,0,0.192,104.16666666666667,2,-0.567240818998606,0.07920875375265463
Uso Geral,m5.xlarge,US West (Oregon),Windows,Dedicated,4,16.0,0,0.204,98.03921568627452,2,-0.563768345840338,0.021354655480946047
Uso Geral,m5.xlarge,US West (Oregon),RHEL,Shared,4,16.0,0,0.25,80.0,2,-0.5417942108992024,0.008635250954416251
Uso Geral,m5.xlarge,US West (Oregon),RHEL,Dedicated,4,16.0,0,0.269,74.34944237918215,2,-0.5376473597614506,-0.04845453310643739
Uso Geral,m5.xlarge,US West (Oregon),SUSE,Shared,4,16.0,0,0.248,80.64516129032258,2,-0.5424977181846203,0.06448758752645933
Uso Geral,m5.xlarge,US West (Oregon),SUSE,Dedicated,4,16.0,0,0.26,76.92307692307692,2,-0.5384756779718073,0.011955996560374021
Uso Geral,m5.xlarge,South America (Sao Paulo),Linux,Shared,4,16.0,0,0.306,65.359477124183,2,-0.5322020836373403,-0.025423811927780413
Uso Geral,m5.xlarge,South America (Sao Paulo),Linux,Dedicated,4,16.0,0,0.323,61.919504643962846,2,-0.5277117166697836,-0.07753896886721973
Uso Geral,m5.xlarge,South America (Sao Paulo),Windows,Shared,4,16.0,0,0.306,65.359477124183,2,-0.5514048620315638,-0.03274619440555245
Uso Geral,m5.xlarge,South America (Sao Paulo),Windows,Dedicated,4,16.0,0,0.323,61.919504643962846,2,-0.546914495064007,-0.08486135134499179
Uso Geral,m5.xlarge,South America (Sao Paulo),RHEL,Shared,4,16.0,0,0.364,54.94505494505495,2,-0.5228162046266227,-0.07288923335949044
Uso Geral,m5.xlarge,South America (Sao Paulo),RHEL,Dedicated,4,16.0,0,0.394,50.76142131979695,2,-0.5174456809751626,-0.12719024988671074
Uso Geral,m5.xlarge,South America (Sao Paulo),SUSE,Shared,4,16.0,0,0.362,55.248618784530386,2,-0.5235977585199365,-0.017792771138483557
Uso Geral,m5.xlarge,South America (Sao Paulo),SUSE,Dedicated,4,16.0,0,0.38,52.63157894736842,2,-0.5188385974760753,-0.06812853537901556
Uso Geral,m5.xlarge,Asia Pacific (Tokyo),Linux,Shared,4,16.0,0,0.248,80.64516129032258,2,-0.5437261782138313,0.03536521234624454
Uso Geral,m5.xlarge,Asia Pacific (Tokyo),Linux,Dedicated,4,16.0,0,0.264,75.75757575757575,2,-0.5396473294174373,-0.019911607264963507
Uso Geral,m5.xlarge,Asia Pacific (Tokyo),Windows,Shared,4,16.0,0,0.432,46.2962962962963,2,-0.5559143689196394,-0.055610595495638744
Uso Geral,m5.xlarge,Asia Pacific (Tokyo),Windows,Dedicated,4,16.0,0,0.448,44.64285714285714,2,-0.5510965972954612,-0.10373101423338388
Uso Geral,m5.xlarge,Asia Pacific (Tokyo),RHEL,Shared,4,16.0,0,0.306,65.359477124183,2,-0.5354532626438997,-0.02287915952560562
Uso Geral,m5.xlarge,Asia Pacific (Tokyo),RHEL,Dedicated,4,16.0,0,0.33,60.6060606060606,2,-0.5306975657167308,-0.0781915953957587
Uso Geral,m5.xlarge,Asia Pacific (Tokyo),SUSE,Shared,4,16.0,0,0.304,65.78947368421053,2,-0.5362059297731534,0.03249706839728239
Uso Geral,m5.xlarge,Asia Pacific (Tokyo),SUSE,Dedicated,4,16.0,0,0.319,62.69592476489028,2,-0.5317979620038592,-0.018768410013848984
Uso Geral,m6g.medium,US East (N. Virginia),Linux,Shared,1,4.0,0,0.0385,129.87012987012986,2,-0.6586232035069132,0.20106026256337942
Uso Geral,m6g.medium,US East (N. Virginia),Linux,Dedicated,1,4.0,0,0.0408,122.54901960784314,2,-0.6562069621078818,0.1409680355870639
Uso Geral,m6g.medium,US East (N. Virginia),RHEL,Shared,1,4.0,0,0.0529,94.5179584120983,2,-0.6584567425621853,0.1002256292022071
Uso Geral,m6g.medium,US East (N. Virginia),RHEL,Dedicated,1,4.0,0,0.0552,90.57971014492753,2,-0.6552676004783156,0.04761887557723532
Uso Geral,m6g.medium,US East (N. Virginia),SUSE,Shared,1,4.0,0,0.0695,71.94244604316546,2,-0.6629632015027005,0.10392304423014803
Uso Geral,m6g.medium,US East (N. Virginia),SUSE,Dedicated,1,4.0,0,0.0718,69.63788300835654,2,-0.6594008025621438,0.05493124956270509
Uso Geral,m6g.medium,US West (Oregon),Linux,Shared,1,4.0,0,0.0385,129.87012987012986,2,-0.6588923295385564,0.14473946208281363
Uso Geral,m6g.medium,US West (Oregon),Linux,Dedicated,1,4.0,0,0.0408,122.54901960784314,2,-0.656476088139525,0.08464723510649813
Uso Geral,m6g.medium,US West (Oregon),RHEL,Shared,1,4.0,0,0.0529,94.5179584120983,2,-0.6587258685938285,0.04390482872164134
Uso Geral,m6g.medium,US West (Oregon),RHEL,Dedicated,1,4.0,0,0.0552,90.57971014492753,2,-0.6555367265099588,-0.008701924903330459
Uso Geral,m6g.medium,US West (Oregon),SUSE,Shared,1,4.0,0,0.0695,71.94244604316546,2,-0.6632323275343437,0.047602243749582246
Uso Geral,m6g.medium,US West (Oregon),SUSE,Dedicated,1,4.0,0,0.0718,69.63788300835654,2,-0.659669928593787,-0.0013895509178606658
Uso Geral,m6g.medium,South America (Sao Paulo),Linux,Shared,1,4.0,0,0.0612,81.69934640522877,2,-0.6525704101669836,0.01585975813095205
Uso Geral,m6g.medium,South America (Sao Paulo),Linux,Dedicated,1,4.0,0,0.0649,77.04160246533128,2,-0.6494325712139697,-0.03839725681130746
Uso Geral,m6g.medium,South America (Sao Paulo),RHEL,Shared,1,4.0,0,0.0756,66.13756613756614,2,-0.647882332045339,-0.04118342110585647
Uso Geral,m6g.medium,South America (Sao Paulo),RHEL,Dedicated,1,4.0,0,0.0793,63.051702395964696,2,-0.644385357164374,-0.0919622370104852
Uso Geral,m6g.medium,South America (Sao Paulo),SUSE,Shared,1,4.0,0,0.0922,54.22993492407809,2,-0.6499514427692489,-0.013880508656006443
Uso Geral,m6g.medium,South America (Sao Paulo),SUSE,Dedicated,1,4.0,0,0.0959,52.13764337851929,2,-0.646227461101762,-0.0624607843284735
Uso Geral,m6g.medium,Asia Pacific (Tokyo),Linux,Shared,1,4.0,0,0.0495,101.01010101010101,2,-0.659435028541107,0.08363096419198007
Uso Geral,m6g.medium,Asia Pacific (Tokyo),Linux,Dedicated,1,4.0,0,0.0525,95.23809523809524,2,-0.6566083129439788,0.026937445201155708
Uso Geral,m6g.medium,Asia Pacific (Tokyo),RHEL,Shared,1,4.0,0,0.0639,78.24726134585289,2,-0.6563922152121788,0.010653543980397091
Uso Geral,m6g.medium,Asia Pacific (Tokyo),RHEL,Dedicated,1,4.0,0,0.0669,74.73841554559043,2,-0.6530484232771496,-0.04103213736207776
Uso Geral,m6g.medium,Asia Pacific (Tokyo),SUSE,Shared,1,4.0,0,0.0805,62.11180124223603,2,-0.6594272807546057,0.02860127122411349
Uso Geral,m6g.medium,Asia Pacific (Tokyo),SUSE,Dedicated,1,4.0,0,0.0835,59.88023952095808,2,-0.6557916608523683,-0.020258082603630295
Memória,r8g.medium,US East (N. Virginia),Linux,Shared,1,8.0,0,0.05891,152.77542013240537,0,-0.6119276909892423,0.21134861079059303
Memória,r8g.medium,US East (N. Virginia),Linux,Dedicated,1,8.0,0,0.0648,138.88888888888889,0,-0.6107215071794722,0.13657945066558744
Memória,r8g.medium,US East (N. Virginia),RHEL,Shared,1,8.0,0,0.07331,122.76633474287273,0,-0.6105404664167178,0.12233696294802257
Memória,r8g.medium,US East (N. Virginia),RHEL,Dedicated,1,8.0,0,0.0792,113.63636363636363,0,-0.6082475257150981,0.05809294520276463
Memória,r8g.medium,US East (N. Virginia),SUSE,Shared,1,8.0,0,0.11521,78.11821890460897,0,-0.6180463839185136,0.07614139496648503
Memória,r8g.medium,US East (N. Virginia),SUSE,Dedicated,1,8.0,0,0.1211,74.31874483897606,0,-0.6145355558719859,0.023692506199737964
Memória,r8g.medium,US West (Oregon),Linux,Shared,1,8.0,0,0.05891,152.77542013240537,0,-0.6121968170208855,0.15502781031002724
Memória,r8g.medium,US West (Oregon),Linux,Dedicated,1,8.0,0,0.0648,138.88888888888889,0,-0.6109906332111154,0.08025865018502167
Memória,r8g.medium,US West (Oregon),RHEL,Shared,1,8.0,0,0.07331,122.76633474287273,0,-0.610809592448361,0.0660161624674568
Memória,r8g.medium,US West (Oregon),RHEL,Dedicated,1,8.0,0,0.0792,113.63636363636363,0,-0.6085166517467413,0.0017721447221988595
Memória,r8g.medium,US West (Oregon),SUSE,Shared,1,8.0,0,0.11521,78.11821890460897,0,-0.6183155099501568,0.01982059448591926
Memória,r8g.medium,US West (Oregon),SUSE,Dedicated,1,8.0,0,0.1211,74.31874483897606,0,-0.6148046819036291,-0.032628294280827794
Memória,r8g.medium,Asia Pacific (Tokyo),Linux,Shared,1,8.0,0,0.07106,126.65353222628765,0,-0.6120210278636781,0.09993037366642574
Memória,r8g.medium,Asia Pacific (Tokyo),Linux,Dedicated,1,8.0,0,0.07817,115.1336829985928,0,-0.610175570920863,0.030347414650520974
Memória,r8g.medium,Asia Pacific (Tokyo),RHEL,Shared,1,8.0,0,0.08546,105.31242686637025,0,-0.6086533832472005,0.03009891514737524
Memória,r8g.medium,Asia Pacific (Tokyo),RHEL,Dedicated,1,8.0,0,0.09257,97.22372258831155,0,-0.6060239941530939,-0.03189173176056291
Memória,r8g.medium,Asia Pacific (Tokyo),SUSE,Shared,1,8.0,0,0.12736,70.66582914572864,0,-0.6138742000816638,0.006034340818706421
Memória,r8g.medium,Asia Pacific (Tokyo),SUSE,Dedicated,1,8.0,0,0.13447,66.9294266379118,0,-0.6102504171802723,-0.04632569184449223
Memória,r8g.large,US East (N. Virginia),Linux,Shared,2,16.0,0,0.11782,152.77542013240537,0,-0.5637983663986453,0.21101292000913124
Memória,r8g.large,US East (N. Virginia),Linux,Dedicated,2,16.0,0,0.1296,138.88888888888889,0,-0.5621164223933358,0.13599895635453849
Memória,r8g.large,US East (N. Virginia),RHEL,Shared,2,16.0,0,0.14662,122.76633474287273,0,-0.5612479929609652,0.12140277117741724
Memória,r8g.large,US East (N. Virginia),RHEL,Dedicated,2,16.0,0,0.1584,113.63636363636363,0,-0.5584792920638062,0.056913949902572106
Memória,r8g.large,US East (N. Virginia),SUSE,Shared,2,16.0,0,0.17412,103.37698139214335,0,-0.5641460539327895,0.131697370401776
Memória,r8g.large,US East (N. Virginia),SUSE,Dedicated,2,16.0,0,0.1859,96.82625067240451,0,-0.560788060104327,0.07291579796231129
Memória,r8g.large,US West (Oregon),Linux,Shared,2,16.0,0,0.11782,152.77542013240537,0,-0.5640674924302885,0.15469211952856549
Memória,r8g.large,US West (Oregon),Linux,Dedicated,2,16.0,0,0.1296,138.88888888888889,0,-0.562385548424979,0.07967815587397271
Memória,r8g.large,US West (Oregon),RHEL,Shared,2,16.0,0,0.14662,122.76633474287273,0,-0.5615171189926084,0.06508197069685147
Memória,r8g.large,US West (Oregon),RHEL,Dedicated,2,16.0,0,0.1584,113.63636363636363,0,-0.5587484180954494,0.0005931494220063338
Memória,r8g.large,US West (Oregon),SUSE,Shared,2,16.0,0,0.17412,103.37698139214335,0,-0.5644151799644327,0.07537656992121021
Memória,r8g.large,US West (Oregon),SUSE,Dedicated,2,16.0,0,0.1859,96.82625067240451,0,-0.5610571861359702,0.01659499748174552
Memória,r8g.large,Asia Pacific (Tokyo),Linux,Shared,2,16.0,0,0.14212,126.65353222628765,0,-0.5629102964181061,0.0990896976753741
Memória,r8g.large,Asia Pacific (Tokyo),Linux,Dedicated,2,16.0,0,0.15633,115.14104778353483,0,-0.5604896597933386,0.029227940948642783
Memória,r8g.large,Asia Pacific (Tokyo),RHEL,Shared,2,16.0,0,0.17092,105.31242686637025,0,-0.5583795029364729,0.028659738167180024
Memória,r8g.large,Asia Pacific (Tokyo),RHEL,Dedicated,2,16.0,0,0.18513,97.22897423432184,0,-0.5551754169606377,-0.033614382328160185
Memória,r8g.large,Asia Pacific (Tokyo),SUSE,Shared,2,16.0,0,0.19842,90.71666162685213,0,-0.560182347035916,0.04956141391892753
Memória,r8g.large,Asia Pacific (Tokyo),SUSE,Dedicated,2,16.0,0,0.21263,84.6540939660443,0,-0.5565165385953432,-0.008240966192030283
Memória,r8g.xlarge,US East (N. Virginia),Linux,Shared,4,32.0,0,0.23564,152.77542013240537,0,-0.4675397172174516,0.21034153844620773
Memória,r8g.xlarge,US East (N. Virginia),Linux,Dedicated,4,32.0,0,0.2592,138.88888888888889,0,-0.46490625282106346,0.13483796773244056
Memória,r8g.xlarge,US East (N. Virginia),RHEL,Shared,4,32.0,0,0.29324,122.76633474287273,0,-0.4626630460494603,0.11953438763620658
Memória,r8g.xlarge,US East (N. Virginia),RHEL,Dedicated,4,32.0,0,0.3168,113.63636363636363,0,-0.4589428247612227,0.054555959302187054
Memória,r8g.xlarge,US East (N. Virginia),SUSE,Shared,4,32.0,0,0.29194,123.31300952250463,0,-0.4633325131192563,0.1751397030598025
Memória,r8g.xlarge,US East (N. Virginia),SUSE,Dedicated,4,32.0,0,0.3155,114.10459587955626,0,-0.4596302140194562,0.1099876999488705
Memória,r8g.xlarge,US West (Oregon),Linux,Shared,4,32.0,0,0.23564,152.77542013240537,0,-0.4678088432490947,0.15402073796564195
Memória,r8g.xlarge,US West (Oregon),Linux,Dedicated,4,32.0,0,0.2592,138.88888888888889,0,-0.4651753788527066,0.0785171672518748
Memória,r8g.xlarge,US West (Oregon),RHEL,Shared,4,32.0,0,0.29324,122.76633474287273,0,-0.46293217208110343,0.06321358715564081
Memória,r8g.xlarge,US West (Oregon),RHEL,Dedicated,4,32.0,0,0.3168,113.63636363636363,0,-0.45921195079286586,-0.0017648411783787177
Memória,r8g.xlarge,US West (Oregon),SUSE,Shared,4,32.0,0,0.29194,123.31300952250463,0,-0.4636016391508994,0.11881890257923675
Memória,r8g.xlarge,US West (Oregon),SUSE,Dedicated,4,32.0,0,0.3155,114.10459587955626,0,-0.45989934005109934,0.05366689946830473
Memória,r8g.xlarge,Asia Pacific (Tokyo),Linux,Shared,4,32.0,0,0.28424,126.65353222628765,0,-0.46468883352696233,0.09740834569327078
Memória,r8g.xlarge,Asia Pacific (Tokyo),Linux,Dedicated,4,32.0,0,0.31266,115.14104778353483,0,-0.4611203951401213,0.02695598486544712
Memória,r8g.xlarge,Asia Pacific (Tokyo),RHEL,Shared,4,32.0,0,0.34184,105.31242686637025,0,-0.4578317423150179,0.02578138420678959
Memória,r8g.xlarge,Asia Pacific (Tokyo),RHEL,Dedicated,4,32.0,0,0.37026,97.22897423432184,0,-0.45347985457710893,-0.037083340389643
Memória,r8g.xlarge,Asia Pacific (Tokyo),SUSE,Shared,4,32.0,0,0.34054,105.71445351500557,0,-0.4585342579217242,0.08106662753419602
Memória,r8g.xlarge,Asia Pacific (Tokyo),SUSE,Dedicated,4,32.0,0,0.36896,97.57155247181267,0,-0.45419595268223,0.018070357666911632
Memória,r8gd.medium,US East (N. Virginia),Linux,Shared,1,8.0,0,0.07348,122.48230811105061,0,-0.6176720408309251,0.14371155334649274
Memória,r8gd.medium,US East (N. Virginia),Linux,Dedicated,1,8.0,0,0.08083,111.34479772361748,0,-0.6157198430613061,0.07496464472220186
Memória,r8gd.medium,US East (N. Virginia),RHEL,Shared,1,8.0,0,0.08788,102.41238051888939,0,-0.6140139633890266,0.07669291051992318
Memória,r8gd.medium,US East (N. Virginia),RHEL,Dedicated,1,8.0,0,0.09523,94.50803318282054,0,-0.6113230674578507,0.01510022689697084
Memória,r8gd.medium,US East (N. Virginia),SUSE,Shared,1,8.0,0,0.12978,69.34812760055478,0,-0.6188732533911453,0.05612969092207312
Memória,r8gd.medium,US East (N. Virginia),SUSE,Dedicated,1,8.0,0,0.13713,65.6311529205863,0,-0.6152256458949554,0.003802672429604595
Memória,r8gd.medium,US West (Oregon),Linux,Shared,1,8.0,0,0.07348,122.48230811105061,0,-0.6179411668625683,0.08739075286592696
Memória,r8gd.medium,US West (Oregon),Linux,Dedicated,1,8.0,0,0.08083,111.34479772361748,0,-0.6159889690929493,0.018643844241636093
Memória,r8gd.medium,US West (Oregon),RHEL,Shared,1,8.0,0,0.08788,102.41238051888939,0,-0.6142830894206698,0.020372110039357405
Memória,r8gd.medium,US West (Oregon),RHEL,Dedicated,1,8.0,0,0.09523,94.50803318282054,0,-0.6115921934894939,-0.04122057358359493
Memória,r8gd.medium,US West (Oregon),SUSE,Shared,1,8.0,0,0.12978,69.34812760055478,0,-0.6191423794227885,-0.0001911095584926359
Memória,r8gd.medium,US West (Oregon),SUSE,Dedicated,1,8.0,0,0.13713,65.6311529205863,0,-0.6154947719265986,-0.05251812805096118
Memória,r8gd.medium,Asia Pacific (Tokyo),Linux,Shared,1,8.0,0,0.08879,101.36276607726096,0,-0.6163672182673507,0.04323098657463706
Memória,r8gd.medium,Asia Pacific (Tokyo),Linux,Dedicated,1,8.0,0,0.09767,92.1470256987816,0,-0.6138523587948908,-0.021327090360448504
Memória,r8gd.medium,Asia Pacific (Tokyo),RHEL,Shared,1,8.0,0,0.10319,87.21775365830023,0,-0.6113554435710011,-0.0106772205610896
Memória,r8gd.medium,Asia Pacific (Tokyo),RHEL,Dedicated,1,8.0,0,0.11207,80.30695101275988,0,-0.6083139625707135,-0.07013501554517283
Memória,r8gd.medium,Asia Pacific (Tokyo),SUSE,Shared,1,8.0,0,0.14509,62.03046385002413,0,-0.6144150414216218,-0.013810584156835847
Memória,r8gd.medium,Asia Pacific (Tokyo),SUSE,Dedicated,1,8.0,0,0.15397,58.45294537896993,0,-0.6106119870479773,-0.06589260977858762
Memória,r8gd.large,US East (N. Virginia),Linux,Shared,2,16.0,0,0.14696,122.48230811105061,0,-0.5683658357566256,0.14277029593921
Memória,r8gd.large,US East (N. Virginia),Linux,Dedicated,2,16.0,0,0.16166,111.34479772361748,0,-0.5658199474204167,0.07371790243504378
Memória,r8gd.large,US East (N. Virginia),RHEL,Shared,2,16.0,0,0.17576,102.41238051888939,0,-0.5635446094495715,0.0751531521234969
Memória,r8gd.large,US East (N. Virginia),RHEL,Dedicated,2,16.0,0,0.19046,94.50803318282054,0,-0.5602600229518057,0.013254983620669167
Memória,r8gd.large,US East (N. Virginia),SUSE,Shared,2,16.0,0,0.20326,88.5565285840795,0,-0.565178401574457,0.09769208098598153
Memória,r8gd.large,US East (N. Virginia),SUSE,Dedicated,2,16.0,0,0.21796,82.58396035969903,0,-0.5614524511072074,0.04006848267907169
Memória,r8gd.large,US West (Oregon),Linux,Shared,2,16.0,0,0.14696,122.48230811105061,0,-0.5686349617882688,0.08644949545864425
Memória,r8gd.large,US West (Oregon),Linux,Dedicated,2,16.0,0,0.16166,111.34479772361748,0,-0.5660890734520599,0.01739710195447801
Memória,r8gd.large,US West (Oregon),RHEL,Shared,2,16.0,0,0.17576,102.41238051888939,0,-0.5638137354812147,0.01883235164293111
Memória,r8gd.large,US West (Oregon),RHEL,Dedicated,2,16.0,0,0.19046,94.50803318282054,0,-0.5605291489834489,-0.0430658168598966
Memória,r8gd.large,US West (Oregon),SUSE,Shared,2,16.0,0,0.20326,88.5565285840795,0,-0.5654475276061002,0.041371280505415775
Memória,r8gd.large,US West (Oregon),SUSE,Dedicated,2,16.0,0,0.21796,82.58396035969903,0,-0.5617215771388506,-0.016252317801494075
Memória,r8gd.large,Asia Pacific (Tokyo),Linux,Shared,2,16.0,0,0.17758,101.36276607726096,0,-0.5658243597815559,0.041653406240702365
Memória,r8gd.large,Asia Pacific (Tokyo),Linux,Dedicated,2,16.0,0,0.19534,92.1470256987816,0,-0.5625922251755834,-0.023273746304355053
Memória,r8gd.large,Asia Pacific (Tokyo),RHEL,Shared,2,16.0,0,0.20638,87.21775365830023,0,-0.5596494362200507,-0.012853301884167834
Memória,r8gd.large,Asia Pacific (Tokyo),RHEL,Dedicated,2,16.0,0,0.22414,80.30695101275988,0,-0.5558906800862504,-0.07268017247822295
Memória,r8gd.large,Asia Pacific (Tokyo),SUSE,Shared,2,16.0,0,0.23388,76.96254489481785,0,-0.5604605700227832,0.01765299855468705
Memória,r8gd.large,Asia Pacific (Tokyo),SUSE,Dedicated,2,16.0,0,0.25164,71.53075822603721,0,-0.5563638951494734,-0.03890115955620134
Computação Acelerada,g4dn.xlarge,US East (N. Virginia),Linux,Shared,4,16.0,1,0.526,38.02281368821293,0,-0.07120436479971223,-0.10191647784689643
Computação Acelerada,g4dn.xlarge,US East (N. Virginia),Linux,Dedicated,4,16.0,1,0.558,35.842293906810035,0,-0.06521463049512971,-0.151868202428113
Computação Acelerada,g4dn.xlarge,US East (N. Virginia),Windows,Shared,4,16.0,1,0.71,28.169014084507044,0,-0.07779603609601649,-0.13869050048932755
Computação Acelerada,g4dn.xlarge,US East (N. Virginia),Windows,Dedicated,4,16.0,1,0.742,26.954177897574123,0,-0.07158566686379561,-0.18650539571638444
Computação Acelerada,g4dn.xlarge,US East (N. Virginia),RHEL,Shared,4,16.0,1,0.584,34.24657534246575,0,-0.06030182420530883,-0.13469316877235651
Computação Acelerada,g4dn.xlarge,US East (N. Virginia),RHEL,Dedicated,4,16.0,1,0.615,32.520325203252035,0,-0.054289074697677936,-0.18359813952794063
Computação Acelerada,g4dn.xlarge,US East (N. Virginia),SUSE,Shared,4,16.0,1,0.582,34.36426116838488,0,-0.06112584664867923,-0.08000801062437574
Computação Acelerada,g4dn.xlarge,US East (N. Virginia),SUSE,Dedicated,4,16.0,1,0.614,32.57328990228013,0,-0.05504711009845786,-0.129097756492145
Computação Acelerada,g4dn.xlarge,US West (Oregon),Linux,Shared,4,16.0,1,0.526,38.02281368821293,0,-0.07147349083135537,-0.1582372783274622
Computação Acelerada,g4dn.xlarge,US West (Oregon),Linux,Dedicated,4,16.0,1,0.558,35.842293906810035,0,-0.06548375652677285,-0.20818900290867876
Computação Acelerada,g4dn.xlarge,US West (Oregon),Windows,Shared,4,16.0,1,0.71,28.169014084507044,0,-0.07806516212765963,-0.19501130096989333
Computação Acelerada,g4dn.xlarge,US West (Oregon),Windows,Dedicated,4,16.0,1,0.742,26.954177897574123,0,-0.07185479289543875,-0.2428261961969502
Computação Acelerada,g4dn.xlarge,US West (Oregon),RHEL,Shared,4,16.0,1,0.584,34.24657534246575,0,-0.06057095023695197,-0.1910139692529223
Computação Acelerada,g4dn.xlarge,US West (Oregon),RHEL,Dedicated,4,16.0,1,0.615,32.520325203252035,0,-0.05455820072932108,-0.23991894000850641
Computação Acelerada,g4dn.xlarge,US West (Oregon),SUSE,Shared,4,16.0,1,0.582,34.36426116838488,0,-0.061394972680322374,-0.13632881110494152
Computação Acelerada,g4dn.xlarge,US West (Oregon),SUSE,Dedicated,4,16.0,1,0.614,32.57328990228013,0,-0.055316236130101004,-0.18541855697271079
Computação Acelerada,g4dn.xlarge,South America (Sao Paulo),Linux,Shared,4,16.0,1,0.894,22.371364653243848,0,-0.029830363624621218,-0.22951094287093549
Computação Acelerada,g4dn.xlarge,South America (Sao Paulo),Linux,Dedicated,4,16.0,1,0.952,21.008403361344538,0,-0.02155370743684493,-0.278734230701024
Computação Acelerada,g4dn.xlarge,South America (Sao Paulo),Windows,Shared,4,16.0,1,1.078,18.552875695732837,0,-0.035043115018667886,-0.2529302507557448
Computação Acelerada,g4dn.xlarge,South America (Sao Paulo),Windows,Dedicated,4,16.0,1,1.136,17.605633802816904,0,-0.026671477182618978,-0.30123364989772855
Computação Acelerada,g4dn.xlarge,South America (Sao Paulo),RHEL,Shared,4,16.0,1,0.952,21.008403361344538,0,-0.018376448634715856,-0.25694762255678005
Computação Acelerada,g4dn.xlarge,South America (Sao Paulo),RHEL,Dedicated,4,16.0,1,1.01,19.801980198019802,0,-0.010064027338296814,-0.30582452853871567
Computação Acelerada,g4dn.xlarge,South America (Sao Paulo),SUSE,Shared,4,16.0,1,0.95,21.05263157894737,0,-0.019217254333169096,-0.20242500871900132
Computação Acelerada,g4dn.xlarge,South America (Sao Paulo),SUSE,Dedicated,4,16.0,1,1.008,19.841269841269842,0,-0.010905961379409333,-0.25131284259771935
Computação Acelerada,g4dn.xlarge,Asia Pacific (Tokyo),Linux,Shared,4,16.0,1,0.71,28.169014084507044,0,-0.05369979312679826,-0.18447981133747704
Computação Acelerada,g4dn.xlarge,Asia Pacific (Tokyo),Linux,Dedicated,4,16.0,1,0.756,26.455026455026456,0,-0.046472628536374405,-0.23398108659017725
Computação Acelerada,g4dn.xlarge,Asia Pacific (Tokyo),Windows,Shared,4,16.0,1,0.894,22.371364653243848,0,-0.059364733965101474,-0.21227853316400028
Computação Acelerada,g4dn.xlarge,Asia Pacific (Tokyo),Windows,Dedicated,4,16.0,1,0.94,21.27659574468085,0,-0.05199609314119458,-0.26040962386859484
Computação Acelerada,g4dn.xlarge,Asia Pacific (Tokyo),RHEL,Shared,4,16.0,1,0.768,26.041666666666668,0,-0.042420521548617585,-0.2136078966981997
Computação Acelerada,g4dn.xlarge,Asia Pacific (Tokyo),RHEL,Dedicated,4,16.0,1,0.814,24.57002457002457,0,-0.03513798697012774,-0.2625729186155588
Computação Acelerada,g4dn.xlarge,Asia Pacific (Tokyo),SUSE,Shared,4,16.0,1,0.766,26.109660574412533,0,-0.04325589737194921,-0.15903269501010414
Computação Acelerada,g4dn.xlarge,Asia Pacific (Tokyo),SUSE,Dedicated,4,16.0,1,0.813,24.600246002460025,0,-0.03590121864741855,-0.20812286104862573
Computação Acelerada,g5.xlarge,US East (N. Virginia),Linux,Shared,4,16.0,1,1.006,19.880715705765407,0,-0.03657775871863342,-0.16201068199090732
Computação Acelerada,g5.xlarge,US East (N. Virginia),Linux,Dedicated,4,16.0,1,1.1066,18.073377914332188,0,-0.024961649561691533,-0.21398783531976232
Computação Acelerada,g5.xlarge,US East (N. Virginia),Windows,Shared,4,16.0,1,1.19,16.80672268907563,0,-0.04162041111858841,-0.18378259647532177
Computação Acelerada,g5.xlarge,US East (N. Virginia),Windows,Dedicated,4,16.0,1,1.1066,18.073377914332188,0,-0.04416442795591499,-0.22131021779753435
Computação Acelerada,g5.xlarge,US East (N. Virginia),RHEL,Shared,4,16.0,1,1.0636,18.8040616773223,0,-0.02509073925818728,-0.18879720640358677
Computação Acelerada,g5.xlarge,US East (N. Virginia),RHEL,Dedicated,4,16.0,1,1.1642,17.179178835251676,0,-0.013432943637086362,-0.2403706300907223
Computação Acelerada,g5.xlarge,US East (N. Virginia),SUSE,Shared,4,16.0,1,1.0623,18.827073331450627,0,-0.025879850460351326,-0.13435063359990781
Computação Acelerada,g5.xlarge,US East (N. Virginia),SUSE,Dedicated,4,16.0,1,1.1629,17.198383351964914,0,-0.01422292467642364,-0.18593248158153328
Computação Acelerada,g5.xlarge,US West (Oregon),Linux,Shared,4,16.0,1,1.006,19.880715705765407,0,-0.03684688475027656,-0.2183314824714731
Computação Acelerada,g5.xlarge,US West (Oregon),Linux,Dedicated,4,16.0,1,1.1066,18.073377914332188,0,-0.025230775593334673,-0.2703086358003281
Computação Acelerada,g5.xlarge,US West (Oregon),Windows,Shared,4,16.0,1,1.19,16.80672268907563,0,-0.041889537150231554,-0.24010339695588753
Computação Acelerada,g5.xlarge,US West (Oregon),Windows,Dedicated,4,16.0,1,1.1066,18.073377914332188,0,-0.04443355398755813,-0.2776310182781001
Computação Acelerada,g5.xlarge,US West (Oregon),RHEL,Shared,4,16.0,1,1.0636,18.8040616773223,0,-0.025359865289830422,-0.24511800688415256
Computação Acelerada,g5.xlarge,US West (Oregon),RHEL,Dedicated,4,16.0,1,1.1642,17.179178835251676,0,-0.013702069668729503,-0.2966914305712881
Computação Acelerada,g5.xlarge,US West (Oregon),SUSE,Shared,4,16.0,1,1.0623,18.827073331450627,0,-0.026148976491994467,-0.1906714340804736
Computação Acelerada,g5.xlarge,US West (Oregon),SUSE,Dedicated,4,16.0,1,1.1629,17.198383351964914,0,-0.014492050708066782,-0.24225328206209903
Computação Acelerada,g5.xlarge,South America (Sao Paulo),Linux,Shared,4,16.0,1,1.71,11.695906432748538,0,0.033642326011429496,-0.28704826259685334
Computação Acelerada,g5.xlarge,South America (Sao Paulo),Linux,Dedicated,4,16.0,1,1.881,10.63264221158958,0,0.05111494322417412,-0.3403049619672317
Computação Acelerada,g5.xlarge,South America (Sao Paulo),Windows,Shared,4,16.0,1,1.894,10.559662090813095,0,0.029042401479157095,-0.30453239765443435
Computação Acelerada,g5.xlarge,South America (Sao Paulo),Windows,Dedicated,4,16.0,1,2.065,9.685230024213075,0,0.04655816219045082,-0.35737125613657406
Computação Acelerada,g5.xlarge,South America (Sao Paulo),RHEL,Shared,4,16.0,1,1.7676,11.31477709889115,0,0.045288255741801925,-0.3122957553925057
Computação Acelerada,g5.xlarge,South America (Sao Paulo),RHEL,Dedicated,4,16.0,1,1.9386,10.316723408645414,0,0.06277577195547365,-0.3654081592840608
Computação Acelerada,g5.xlarge,South America (Sao Paulo),SUSE,Shared,4,16.0,1,1.7663,11.323104795334881,0,0.0444957896168042,-0.2578816747135717
Computação Acelerada,g5.xlarge,South America (Sao Paulo),SUSE,Dedicated,4,16.0,1,1.9373,10.323646311877354,0,0.06198298486981098,-0.31099718708018914
Computação Acelerada,g5.xlarge,Asia Pacific (Tokyo),Linux,Shared,4,16.0,1,1.459,13.708019191226867,0,0.0034961213817767366,-0.2476089361181455
Computação Acelerada,g5.xlarge,Asia Pacific (Tokyo),Linux,Dedicated,4,16.0,1,1.6049,12.461835628388062,0,0.018899512936802833,-0.3002271722464533
Computação Acelerada,g5.xlarge,Asia Pacific (Tokyo),Windows,Shared,4,16.0,1,1.643,12.172854534388314,0,-0.0011949466216244521,-0.26597578746472317
Computação Acelerada,g5.xlarge,Asia Pacific (Tokyo),Windows,Dedicated,4,16.0,1,1.6049,12.461835628388062,0,-0.00030326545742062963,-0.3075495547242253
Computação Acelerada,g5.xlarge,Asia Pacific (Tokyo),RHEL,Shared,4,16.0,1,1.5166,13.187392852433074,0,0.015110179480730578,-0.27316510278655737
Computação Acelerada,g5.xlarge,Asia Pacific (Tokyo),RHEL,Dedicated,4,16.0,1,1.6625,12.030075187969924,0,0.030533874705788885,-0.3255866997037195
Computação Acelerada,g5.xlarge,Asia Pacific (Tokyo),SUSE,Shared,4,16.0,1,1.5153,13.198706526760377,0,0.014318395578168937,-0.2187444148449247
Computação Acelerada,g5.xlarge,Asia Pacific (Tokyo),SUSE,Dedicated,4,16.0,1,1.6612,12.039489525644113,0,0.02974165685156085,-0.2711702145447965
Computação Acelerada,p2.xlarge,US East (N. Virginia),Linux,Shared,4,61.0,1,0.9,72.22222222222221,0,0.0635115101253392,-0.036944171570983175
Computação Acelerada,p2.xlarge,US East (N. Virginia),Linux,Dedicated,4,61.0,1,0.99,65.65656565656566,0,0.07318425378160551,-0.09900979549960501
Computação Acelerada,p2.xlarge,US East (N. Virginia),Windows,Shared,4,61.0,1,0.9,72.22222222222221,0,0.04430873173111574,-0.044266554048755215
Computação Acelerada,p2.xlarge,US East (N. Virginia),Windows,Dedicated,4,61.0,1,0.99,65.65656565656566,0,0.053981475387382044,-0.10633217797737705
Computação Acelerada,p2.xlarge,US East (N. Virginia),RHEL,Shared,4,61.0,1,0.958,67.84968684759917,0,0.07427781152859303,-0.0710403267623755
Computação Acelerada,p2.xlarge,US East (N. Virginia),RHEL,Dedicated,4,61.0,1,1.048,62.02290076335878,0,0.08411936889996739,-0.1314710051015171
Computação Acelerada,p2.xlarge,US East (N. Virginia),SUSE,Shared,4,61.0,1,1.0,65.0,0,0.07632988345850272,-0.024750015406844718
Computação Acelerada,p2.xlarge,US East (N. Virginia),SUSE,Dedicated,4,61.0,1,1.09,59.63302752293578,0,0.08627649691918775,-0.08416323500599875
Computação Acelerada,p2.xlarge,US West (Oregon),Linux,Shared,4,61.0,1,0.9,72.22222222222221,0,0.06324238409369609,-0.09326497205154893
Computação Acelerada,p2.xlarge,US West (Oregon),Linux,Dedicated,4,61.0,1,0.99,65.65656565656566,0,0.0729151277499624,-0.15533059598017077
Computação Acelerada,p2.xlarge,US West (Oregon),Windows,Shared,4,61.0,1,0.9,72.22222222222221,0,0.044039605699472614,-0.10058735452932098
Computação Acelerada,p2.xlarge,US West (Oregon),Windows,Dedicated,4,61.0,1,0.99,65.65656565656566,0,0.05371234935573892,-0.16265297845794283
Computação Acelerada,p2.xlarge,US West (Oregon),RHEL,Shared,4,61.0,1,0.958,67.84968684759917,0,0.07400868549694989,-0.12736112724294127
Computação Acelerada,p2.xlarge,US West (Oregon),RHEL,Dedicated,4,61.0,1,1.048,62.02290076335878,0,0.08385024286832427,-0.18779180558208286
Computação Acelerada,p2.xlarge,US West (Oregon),SUSE,Shared,4,61.0,1,1.0,65.0,0,0.0760607574268596,-0.08107081588741048
Computação Acelerada,p2.xlarge,US West (Oregon),SUSE,Dedicated,4,61.0,1,1.09,59.63302752293578,0,0.08600737088754462,-0.14048403548656452
Computação Acelerada,p2.xlarge,Asia Pacific (Tokyo),Linux,Shared,4,61.0,1,1.542,42.153047989623865,0,0.11339196221818358,-0.1832750034623108
Computação Acelerada,p2.xlarge,Asia Pacific (Tokyo),Linux,Dedicated,4,61.0,1,1.696,38.32547169811321,0,0.12885984032141903,-0.2419419078558663
Computação Acelerada,p2.xlarge,Asia Pacific (Tokyo),Windows,Shared,4,61.0,1,1.542,42.153047989623865,0,0.0941891838239601,-0.19059738594008285
Computação Acelerada,p2.xlarge,Asia Pacific (Tokyo),Windows,Dedicated,4,61.0,1,1.696,38.32547169811321,0,0.10965706192719554,-0.24926429033363834
Computação Acelerada,p2.xlarge,Asia Pacific (Tokyo),RHEL,Shared,4,61.0,1,1.6,40.625,0,0.12480815896184858,-0.2110769809576027
Computação Acelerada,p2.xlarge,Asia Pacific (Tokyo),RHEL,Dedicated,4,61.0,1,1.754,37.058152793614596,0,0.1403356072422717,-0.26916695356338705
Computação Acelerada,p2.xlarge,Asia Pacific (Tokyo),SUSE,Shared,4,61.0,1,1.642,39.585870889159565,0,0.12727389876136116,-0.1607803336329594
Computação Acelerada,p2.xlarge,Asia Pacific (Tokyo),SUSE,Dedicated,4,61.0,1,1.796,36.19153674832962,0,0.1428407620302479,-0.21848857563405508
Computação Acelerada,p3.2xlarge,US East (N. Virginia),Linux,Shared,8,61.0,1,3.06,22.549019607843135,0,0.33135921958177855,-0.23162617489668408
Computação Acelerada,p3.2xlarge,US East (N. Virginia),Linux,Dedicated,8,61.0,1,3.259,21.172138692850567,0,0.3510218614496738,-0.28674058574524064
Computação Acelerada,p3.2xlarge,US East (N. Virginia),Windows,Shared,8,61.0,1,3.428,20.12835472578763,0,0.34132829429805034,-0.2595999414083571
Computação Acelerada,p3.2xlarge,US East (N. Virginia),Windows,Dedicated,8,61.0,1,3.259,21.172138692850567,0,0.3318190830554503,-0.2940629682230127
Computação Acelerada,p3.2xlarge,US East (N. Virginia),RHEL,Shared,8,61.0,1,3.175,21.73228346456693,0,0.3475420644954654,-0.2602232539580403
Computação Acelerada,p3.2xlarge,US East (N. Virginia),RHEL,Dedicated,8,61.0,1,3.374,20.450503852993478,0,0.3672264346699388,-0.3151272281191265
Computação Acelerada,p3.2xlarge,US East (N. Virginia),SUSE,Shared,8,61.0,1,3.16,21.83544303797468,0,0.3456646582133011,-0.2050299255775858
Computação Acelerada,p3.2xlarge,US East (N. Virginia),SUSE,Dedicated,8,61.0,1,3.359,20.54182792497767,0,0.36534632426707175,-0.25996008890353695
Computação Acelerada,p3.2xlarge,US West (Oregon),Linux,Shared,8,61.0,1,3.06,22.549019607843135,0,0.3310900935501354,-0.2879469753772499
Computação Acelerada,p3.2xlarge,US West (Oregon),Linux,Dedicated,8,61.0,1,3.259,21.172138692850567,0,0.35075273541803065,-0.34306138622580645
Computação Acelerada,p3.2xlarge,US West (Oregon),Windows,Shared,8,61.0,1,3.06,22.549019607843135,0,0.31188731515591195,-0.2952693578550219
Computação Acelerada,p3.2xlarge,US West (Oregon),Windows,Dedicated,8,61.0,1,3.259,21.172138692850567,0,0.3315499570238072,-0.3503837687035785
Computação Acelerada,p3.2xlarge,US West (Oregon),RHEL,Shared,8,61.0,1,3.175,21.73228346456693,0,0.3472729384638223,-0.3165440544386061
Computação Acelerada,p3.2xlarge,US West (Oregon),RHEL,Dedicated,8,61.0,1,3.374,20.450503852993478,0,0.3669573086382957,-0.3714480285996923
Computação Acelerada,p3.2xlarge,US West (Oregon),SUSE,Shared,8,61.0,1,3.16,21.83544303797468,0,0.34539553218165797,-0.2613507260581516
Computação Acelerada,p3.2xlarge,US West (Oregon),SUSE,Dedicated,8,61.0,1,3.359,20.54182792497767,0,0.3650771982354286,-0.3162808893841028
Computação Acelerada,p3.2xlarge,Asia Pacific (Tokyo),Linux,Shared,8,61.0,1,4.194,16.452074391988557,0,0.4264576554037035,-0.345360918597776
Computação Acelerada,p3.2xlarge,Asia Pacific (Tokyo),Linux,Dedicated,8,61.0,1,4.474,15.4224407688869,0,0.4527423470955827,-0.40307352139751557
Computação Acelerada,p3.2xlarge,Asia Pacific (Tokyo),Windows,Shared,8,61.0,1,4.562,15.124945199473913,0,0.43667657610380844,-0.37091494931336294
Computação Acelerada,p3.2xlarge,Asia Pacific (Tokyo),Windows,Dedicated,8,61.0,1,4.474,15.4224407688869,0,0.43353956870135923,-0.4103959038752876
Computação Acelerada,p3.2xlarge,Asia Pacific (Tokyo),RHEL,Shared,8,61.0,1,4.309,16.012996054769086,0,0.44272678582869923,-0.37312233027239106
Computação Acelerada,p3.2xlarge,Asia Pacific (Tokyo),RHEL,Dedicated,8,61.0,1,4.589,15.035955545870559,0,0.46902349375240937,-0.4307185569517331
Computação Acelerada,p3.2xlarge,Asia Pacific (Tokyo),SUSE,Shared,8,61.0,1,4.294,16.068933395435494,0,0.44083859042889484,-0.3180334935221853
Computação Acelerada,p3.2xlarge,Asia Pacific (Tokyo),SUSE,Dedicated,8,61.0,1,4.574,15.085264538696983,0,0.46713378393830357,-0.375644387167307
Computação Acelerada,p4d.24xlarge,US East (N. Virginia),Linux,Shared,96,1152.0,8,21.957642,56.83670405046225,1,8.636711752637652,-0.6944950242800363
Computação Acelerada,p4d.24xlarge,US East (N. Virginia),Linux,Dedicated,96,1152.0,8,24.1534062,51.66973095496568,1,8.816795535999674,-0.8409866617678314
Computação Acelerada,p4d.24xlarge,US East (N. Virginia),RHEL,Shared,96,1152.0,8,1.0368,1203.7037037037037,1,7.2159582053889375,2.690764138030537
Computação Acelerada,p4d.24xlarge,US East (N. Virginia),RHEL,Dedicated,96,1152.0,8,25.1902062,49.543064081785886,1,8.907136776205437,-0.9107946834784955
Computação Acelerada,p4d.24xlarge,US East (N. Virginia),SUSE,Shared,96,1152.0,8,0.125,9984.0,3,9.14770044896706,22.211721162627768
Computação Acelerada,p4d.24xlarge,US East (N. Virginia),SUSE,Dedicated,96,1152.0,8,24.2784062,51.40370375712719,1,8.833222584313377,-0.8144391557771813
Computação Acelerada,p4d.24xlarge,US West (Oregon),Linux,Shared,96,1152.0,8,21.95764,56.836709227403304,1,8.636442466240357,-0.7508157301801188
Computação Acelerada,p4d.24xlarge,US West (Oregon),Linux,Dedicated,96,1152.0,8,24.153404,51.66973566127574,1,8.816526233340008,-0.8973073603967952
Computação Acelerada,p4d.24xlarge,US West (Oregon),RHEL,Shared,96,1152.0,8,1.0368,1203.7037037037037,1,7.215689079357294,2.634443337549971
Computação Acelerada,p4d.24xlarge,US West (Oregon),RHEL,Dedicated,96,1152.0,8,25.190204,49.543068408656,1,8.906867473459078,-0.9671153829470702
Computação Acelerada,p4d.24xlarge,US West (Oregon),SUSE,Shared,96,1152.0,8,22.08264,56.514981904337525,1,8.6528567884467,-0.7243914753902738
Computação Acelerada,p4d.24xlarge,US West (Oregon),SUSE,Dedicated,96,1152.0,8,24.278404,51.403708415100105,1,8.832953281642666,-0.8707598545131039
Computação Acelerada,p4d.24xlarge,South America (Sao Paulo),Linux,Shared,96,1152.0,8,35.5569,35.09867283143356,1,9.745439753465265,-1.3854827253333584
Computação Acelerada,p4d.24xlarge,South America (Sao Paulo),Linux,Dedicated,96,1152.0,8,39.11259,31.90788439221233,1,10.035822001298694,-1.58412354313608
Computação Acelerada,p4d.24xlarge,South America (Sao Paulo),RHEL,Shared,96,1152.0,8,36.5937,34.10423105616541,1,9.836039679232197,-1.4527854007395098
Computação Acelerada,p4d.24xlarge,South America (Sao Paulo),RHEL,Dedicated,96,1152.0,8,40.14939,31.083909369482328,1,10.126460874521943,-1.651049015944178
Computação Acelerada,p4d.24xlarge,South America (Sao Paulo),SUSE,Shared,96,1152.0,8,35.6819,34.97571597924998,1,9.761899489830768,-1.3586186385122418
Computação Acelerada,p4d.24xlarge,South America (Sao Paulo),SUSE,Dedicated,96,1152.0,8,39.23759,31.806234786591126,1,10.052286605845485,-1.557212308418726
Computação Acelerada,p4d.24xlarge,Asia Pacific (Tokyo),Linux,Shared,96,1152.0,8,30.09784,41.46476956485914,1,9.295611307633711,-1.1199487107944568
Computação Acelerada,p4d.24xlarge,Asia Pacific (Tokyo),Linux,Dedicated,96,1152.0,8,33.107624,37.695245058962854,1,9.541766193497027,-1.2971808789843804
Computação Acelerada,p4d.24xlarge,Asia Pacific (Tokyo),RHEL,Shared,96,1152.0,8,31.13464,40.08397077981309,1,9.386122960335449,-1.1881063028673162
Computação Acelerada,p4d.24xlarge,Asia Pacific (Tokyo),RHEL,Dedicated,96,1152.0,8,34.144424,36.550623902749095,1,9.632331806972608,-1.364815865834396
Computação Acelerada,p4d.24xlarge,Asia Pacific (Tokyo),SUSE,Shared,96,1152.0,8,30.22284,41.29327356396685,1,9.3120599539987,-1.0931920296270978
Computação Acelerada,p4d.24xlarge,Asia Pacific (Tokyo),SUSE,Dedicated,96,1152.0,8,33.232624,37.553459516167,1,9.55822162797026,-1.2703584556015073
Armazenamento,i3.large,US East (N. Virginia),Linux,Shared,2,15.25,0,0.156,110.57692307692308,0,-0.5483622556405212,0.10795507807823512
Armazenamento,i3.large,US East (N. Virginia),Linux,Dedicated,2,15.25,0,0.172,100.29069767441861,0,-0.5455168631478593,0.04073234552794858
Armazenamento,i3.large,US East (N. Virginia),Windows,Shared,2,15.25,0,0.248,69.55645161290323,0,-0.5695059730403818,0.006040339661206151
Armazenamento,i3.large,US East (N. Virginia),Windows,Dedicated,2,15.25,0,0.172,100.29069767441861,0,-0.5647196415420828,0.03340996305017653
Armazenamento,i3.large,US East (N. Virginia),RHEL,Shared,2,15.25,0,0.185,93.24324324324324,0,-0.542899709237667,0.04638429075637497
Armazenamento,i3.large,US East (N. Virginia),RHEL,Dedicated,2,15.25,0,0.2,86.25,0,-0.5393827256166981,-0.01351028868880889
Armazenamento,i3.large,US East (N. Virginia),SUSE,Shared,2,15.25,0,0.256,67.3828125,0,-0.543762573221861,0.040551954759680625
Armazenamento,i3.large,US East (N. Virginia),SUSE,Dedicated,2,15.25,0,0.272,63.41911764705882,0,-0.5394726381499496,-0.012680513331061988
Armazenamento,i3.large,US West (Oregon),Linux,Shared,2,15.25,0,0.156,110.57692307692308,0,-0.5486313816721644,0.05163427759766935
Armazenamento,i3.large,US West (Oregon),Linux,Dedicated,2,15.25,0,0.172,100.29069767441861,0,-0.5457859891795025,-0.015588454952617192
Armazenamento,i3.large,US West (Oregon),Windows,Shared,2,15.25,0,0.156,110.57692307692308,0,-0.5678341600663879,0.044311895119897304
Armazenamento,i3.large,US West (Oregon),Windows,Dedicated,2,15.25,0,0.264,65.3409090909091,0,-0.5655427049923761,-0.10407020822507745
Armazenamento,i3.large,US West (Oregon),RHEL,Shared,2,15.25,0,0.185,93.24324324324324,0,-0.5431688352693101,-0.009936509724190787
Armazenamento,i3.large,US West (Oregon),RHEL,Dedicated,2,15.25,0,0.2,86.25,0,-0.5396518516483413,-0.06983108916937467
Armazenamento,i3.large,US West (Oregon),SUSE,Shared,2,15.25,0,0.256,67.3828125,0,-0.5440316992535041,-0.015768845720885133
Armazenamento,i3.large,US West (Oregon),SUSE,Dedicated,2,15.25,0,0.272,63.41911764705882,0,-0.5397417641815928,-0.06900131381162775
Armazenamento,i3.large,South America (Sao Paulo),Linux,Shared,2,15.25,0,0.249,69.27710843373494,0,-0.5350611869375849,-0.06496344631491235
Armazenamento,i3.large,South America (Sao Paulo),Linux,Dedicated,2,15.25,0,0.274,62.95620437956204,0,-0.5305828480964381,-0.12378592386895773
Armazenamento,i3.large,South America (Sao Paulo),Windows,Shared,2,15.25,0,0.341,50.58651026392962,0,-0.5511030780180833,-0.11746745744716026
Armazenamento,i3.large,South America (Sao Paulo),Windows,Dedicated,2,15.25,0,0.274,62.95620437956204,0,-0.5497856264906615,-0.13110830634672976
Armazenamento,i3.large,South America (Sao Paulo),RHEL,Shared,2,15.25,0,0.278,62.05035971223021,0,-0.5272894555932542,-0.10416998596326954
Armazenamento,i3.large,South America (Sao Paulo),RHEL,Dedicated,2,15.25,0,0.303,56.93069306930693,0,-0.5225366635763206,-0.160334409288816
Armazenamento,i3.large,South America (Sao Paulo),SUSE,Shared,2,15.25,0,0.349,49.42693409742121,0,-0.5251279897810371,-0.08071196093325035
Armazenamento,i3.large,South America (Sao Paulo),SUSE,Dedicated,2,15.25,0,0.374,46.12299465240642,0,-0.5199603487998923,-0.13285860949503853
Armazenamento,i3.large,Asia Pacific (Tokyo),Linux,Shared,2,15.25,0,0.183,94.26229508196721,0,-0.54501537779826,0.017620783004363205
Armazenamento,i3.large,Asia Pacific (Tokyo),Linux,Dedicated,2,15.25,0,0.201,85.82089552238806,0,-0.5415869395638722,-0.0456029115016478
Armazenamento,i3.large,Asia Pacific (Tokyo),Windows,Shared,2,15.25,0,0.183,94.26229508196721,0,-0.5642181561924835,0.010298400526591166
Armazenamento,i3.large,Asia Pacific (Tokyo),Windows,Dedicated,2,15.25,0,0.201,85.82089552238806,0,-0.5607897179580956,-0.05292529397941985
Armazenamento,i3.large,Asia Pacific (Tokyo),RHEL,Shared,2,15.25,0,0.212,81.36792452830188,0,-0.5385385585141336,-0.034126863035973135
Armazenamento,i3.large,Asia Pacific (Tokyo),RHEL,Dedicated,2,15.25,0,0.23,75.0,0,-0.5346363822809792,-0.09276244779535212
Armazenamento,i3.large,Asia Pacific (Tokyo),SUSE,Shared,2,15.25,0,0.283,60.95406360424029,0,-0.5381570153811164,-0.02790722845373767
Armazenamento,i3.large,Asia Pacific (Tokyo),SUSE,Dedicated,2,15.25,0,0.301,57.308970099667775,0,-0.5336327392911018,-0.08051783226569272
Armazenamento,i3en.large,US East (N. Virginia),Linux,Shared,2,16.0,0,0.226,79.64601769911505,0,-0.5481634669872054,0.03668361339625539
Armazenamento,i3en.large,US East (N. Virginia),Linux,Dedicated,2,16.0,0,0.241,74.68879668049793,0,-0.5441813024117572,-0.018705730503645768
Armazenamento,i3en.large,US East (N. Virginia),Windows,Shared,2,16.0,0,0.318,56.60377358490566,0,-0.5651996020349302,-0.025449560793293993
Armazenamento,i3en.large,US East (N. Virginia),Windows,Dedicated,2,16.0,0,0.333,54.05405405405405,0,-0.560667382638644,-0.07551167341506214
Armazenamento,i3en.large,US East (N. Virginia),RHEL,Shared,2,16.0,0,0.255,70.58823529411765,0,-0.5408100817622189,-0.006574570647582739
Armazenamento,i3en.large,US East (N. Virginia),RHEL,Dedicated,2,16.0,0,0.269,66.91449814126393,0,-0.5366154469476601,-0.05908230580253125
Armazenamento,i3en.large,US East (N. Virginia),SUSE,Shared,2,16.0,0,0.282,63.82978723404256,0,-0.5408626789426593,0.03169001532473292
Armazenamento,i3en.large,US East (N. Virginia),SUSE,Dedicated,2,16.0,0,0.297,60.60606060606061,0,-0.5364844535750121,-0.019863515561058392
Armazenamento,i3en.large,US West (Oregon),Linux,Shared,2,16.0,0,0.226,79.64601769911505,0,-0.5484325930188486,-0.01963718708431037
Armazenamento,i3en.large,US West (Oregon),Linux,Dedicated,2,16.0,0,0.241,74.68879668049793,0,-0.5444504284434004,-0.07502653098421153
Armazenamento,i3en.large,US West (Oregon),Windows,Shared,2,16.0,0,0.226,79.64601769911505,0,-0.5676353714130721,-0.026959569562082415
Armazenamento,i3en.large,US West (Oregon),Windows,Dedicated,2,16.0,0,0.333,54.05405405405405,0,-0.5609365086702872,-0.1318324738956279
Armazenamento,i3en.large,US West (Oregon),RHEL,Shared,2,16.0,0,0.255,70.58823529411765,0,-0.5410792077938621,-0.06289537112814851
Armazenamento,i3en.large,US West (Oregon),RHEL,Dedicated,2,16.0,0,0.269,66.91449814126393,0,-0.5368845729793033,-0.11540310628309701
Armazenamento,i3en.large,US West (Oregon),SUSE,Shared,2,16.0,0,0.282,63.82978723404256,0,-0.5411318049743025,-0.024630785155832842
Armazenamento,i3en.large,US West (Oregon),SUSE,Dedicated,2,16.0,0,0.297,60.60606060606061,0,-0.5367535796066553,-0.07618431604162416
Armazenamento,i3en.large,South America (Sao Paulo),Linux,Shared,2,16.0,0,0.36,50.0,0,-0.5288880492851233,-0.11215188047755459
Armazenamento,i3en.large,South America (Sao Paulo),Linux,Dedicated,2,16.0,0,0.383,46.99738903394256,0,-0.5238131106182907,-0.1635486352597609
Armazenamento,i3en.large,South America (Sao Paulo),Windows,Shared,2,16.0,0,0.452,39.823008849557525,0,-0.5429847907540766,-0.14581729323976494
Armazenamento,i3en.large,South America (Sao Paulo),Windows,Dedicated,2,16.0,0,0.475,37.89473684210527,0,-0.5376643920838347,-0.1948367900503011
Armazenamento,i3en.large,South America (Sao Paulo),RHEL,Shared,2,16.0,0,0.389,46.27249357326478,0,-0.5203168272225939,-0.1436154247021525
Armazenamento,i3en.large,South America (Sao Paulo),RHEL,Dedicated,2,16.0,0,0.412,43.689320388349515,0,-0.5151460573487064,-0.19408406289615052
Armazenamento,i3en.large,South America (Sao Paulo),SUSE,Shared,2,16.0,0,0.416,43.269230769230774,0,-0.5195114570191209,-0.0970415020781976
Armazenamento,i3en.large,South America (Sao Paulo),SUSE,Dedicated,2,16.0,0,0.44,40.90909090909091,0,-0.5142089552945251,-0.1470581828535269
Armazenamento,i3en.large,Asia Pacific (Tokyo),Linux,Shared,2,16.0,0,0.266,67.66917293233082,0,-0.5427754475193874,-0.044592506924974636
Armazenamento,i3en.large,Asia Pacific (Tokyo),Linux,Dedicated,2,16.0,0,0.283,63.60424028268552,0,-0.5384278685649517,-0.09809055287987994
Armazenamento,i3en.large,Asia Pacific (Tokyo),Windows,Shared,2,16.0,0,0.358,50.279329608938546,0,-0.5585201481401356,-0.0942182552863754
Armazenamento,i3en.large,Asia Pacific (Tokyo),Windows,Dedicated,2,16.0,0,0.375,48.0,0,-0.5537646028497973,-0.14376518411129252
Armazenamento,i3en.large,Asia Pacific (Tokyo),RHEL,Shared,2,16.0,0,0.295,61.016949152542374,0,-0.5348724513698266,-0.08252775878591732
Armazenamento,i3en.large,Asia Pacific (Tokyo),RHEL,Dedicated,2,16.0,0,0.312,57.69230769230769,0,-0.5303557341034819,-0.13438771546063083
Armazenamento,i3en.large,Asia Pacific (Tokyo),SUSE,Shared,2,16.0,0,0.322,55.900621118012424,0,-0.5345498645509896,-0.040629549654077925
Armazenamento,i3en.large,Asia Pacific (Tokyo),SUSE,Dedicated,2,16.0,0,0.34,52.94117647058823,0,-0.5298689345767748,-0.09172297474104418
Armazenamento,d2.xlarge,US East (N. Virginia),Linux,Shared,4,30.5,0,0.69,50.00000000000001,0,-0.43393886756770045,-0.044136905889004374
Armazenamento,d2.xlarge,US East (N. Virginia),Linux,Dedicated,4,30.5,0,0.759,45.45454545454545,0,-0.42550081624588104,-0.10085948669983347
Armazenamento,d2.xlarge,US East (N. Virginia),Windows,Shared,4,30.5,0,0.821,42.02192448233861,0,-0.4443830161054755,-0.074557578706392
Armazenamento,d2.xlarge,US East (N. Virginia),Windows,Dedicated,4,30.5,0,0.903,38.20598006644518,0,-0.434728224730799,-0.13020623956510463
Armazenamento,d2.xlarge,US East (N. Virginia),RHEL,Shared,4,30.5,0,0.748,46.12299465240642,0,-0.4230593497524848,-0.07713657035228688
Armazenamento,d2.xlarge,US East (N. Virginia),RHEL,Dedicated,4,30.5,0,0.817,42.22766217870257,0,-0.4144727615423117,-0.13242058481005864
Armazenamento,d2.xlarge,US East (N. Virginia),SUSE,Shared,4,30.5,0,0.79,43.67088607594936,0,-0.42091644097540654,-0.029966512333130933
Armazenamento,d2.xlarge,US East (N. Virginia),SUSE,Dedicated,4,30.5,0,0.869,39.70080552359033,0,-0.41153918859355015,-0.08583155229359864
Armazenamento,d2.xlarge,US West (Oregon),Linux,Shared,4,30.5,0,0.69,50.00000000000001,0,-0.4342079935993436,-0.10045770636957013
Armazenamento,d2.xlarge,US West (Oregon),Linux,Dedicated,4,30.5,0,0.759,45.45454545454545,0,-0.4257699422775242,-0.15718028718039923
Armazenamento,d2.xlarge,US West (Oregon),Windows,Shared,4,30.5,0,0.69,50.00000000000001,0,-0.45341077199356705,-0.10778008884734218
Armazenamento,d2.xlarge,US West (Oregon),Windows,Dedicated,4,30.5,0,0.759,45.45454545454545,0,-0.44497272067174765,-0.16450266965817129
Armazenamento,d2.xlarge,US West (Oregon),RHEL,Shared,4,30.5,0,0.748,46.12299465240642,0,-0.42332847578412797,-0.13345737083285264
Armazenamento,d2.xlarge,US West (Oregon),RHEL,Dedicated,4,30.5,0,0.817,42.22766217870257,0,-0.41474188757395486,-0.1887413852906244
Armazenamento,d2.xlarge,US West (Oregon),SUSE,Shared,4,30.5,0,0.79,43.67088607594936,0,-0.4211855670070497,-0.08628731281369671
Armazenamento,d2.xlarge,US West (Oregon),SUSE,Dedicated,4,30.5,0,0.869,39.70080552359033,0,-0.4118083146251933,-0.14215235277416444
Armazenamento,d2.xlarge,Asia Pacific (Tokyo),Linux,Shared,4,30.5,0,0.844,40.87677725118483,0,-0.4186906038715702,-0.12383676856296416
Armazenamento,d2.xlarge,Asia Pacific (Tokyo),Linux,Dedicated,4,30.5,0,0.928,37.17672413793103,0,-0.40884778573381875,-0.17931211452135784
Armazenamento,d2.xlarge,Asia Pacific (Tokyo),Windows,Shared,4,30.5,0,0.844,40.87677725118483,0,-0.43789338226579366,-0.13115915104073622
Armazenamento,d2.xlarge,Asia Pacific (Tokyo),Windows,Dedicated,4,30.5,0,0.928,37.17672413793103,0,-0.4280505641280422,-0.18663449699912987
Armazenamento,d2.xlarge,Asia Pacific (Tokyo),RHEL,Shared,4,30.5,0,0.902,38.248337028824835,0,-0.40752581966306056,-0.15407365376246157
Armazenamento,d2.xlarge,Asia Pacific (Tokyo),RHEL,Dedicated,4,30.5,0,0.986,34.98985801217039,0,-0.39758211271513555,-0.20857190070306783
Armazenamento,d2.xlarge,Asia Pacific (Tokyo),SUSE,Shared,4,30.5,0,0.944,36.54661016949153,0,-0.4052114671369046,-0.10524317851228203
Armazenamento,d2.xlarge,Asia Pacific (Tokyo),SUSE,Dedicated,4,30.5,0,1.038,33.23699421965318,0,-0.3944717014518275,-0.1602702050760671
Armazenamento,d3.xlarge,US East (N. Virginia),Linux,Shared,4,32.0,0,0.499,72.14428857715431,0,-0.441084233722347,0.012963000472804374
Armazenamento,d3.xlarge,US East (N. Virginia),Linux,Dedicated,4,32.0,0,0.549,65.57377049180327,0,-0.4346435698735242,-0.04745087810124781
Armazenamento,d3.xlarge,US East (N. Virginia),Windows,Shared,4,32.0,0,0.683,52.70863836017569,0,-0.44986512199283163,-0.045013390911172464
Armazenamento,d3.xlarge,US East (N. Virginia),Windows,Dedicated,4,32.0,0,0.733,49.113233287858115,0,-0.44274471806340104,-0.09884404817485176
Armazenamento,d3.xlarge,US East (N. Virginia),RHEL,Shared,4,32.0,0,0.557,64.63195691202871,0,-0.43103529847434463,-0.028080781164815206
Armazenamento,d3.xlarge,US East (N. Virginia),RHEL,Dedicated,4,32.0,0,0.607,59.308072487644154,0,-0.424309809524263,-0.08573615434860163
Armazenamento,d3.xlarge,US East (N. Virginia),SUSE,Shared,4,32.0,0,0.556,64.74820143884891,0,-0.4317788759923295,0.026559625160520267
Armazenamento,d3.xlarge,US East (N. Virginia),SUSE,Dedicated,4,32.0,0,0.606,59.40594059405941,0,-0.42505758560191015,-0.031136410694528778
Armazenamento,d3.xlarge,US West (Oregon),Linux,Shared,4,32.0,0,0.499,72.14428857715431,0,-0.44135335975399015,-0.04335780000776139
Armazenamento,d3.xlarge,US West (Oregon),Linux,Dedicated,4,32.0,0,0.549,65.57377049180327,0,-0.43491269590516735,-0.10377167858181358
Armazenamento,d3.xlarge,US West (Oregon),Windows,Shared,4,32.0,0,0.683,52.70863836017569,0,-0.45013424802447477,-0.10133419139173823
Armazenamento,d3.xlarge,US West (Oregon),Windows,Dedicated,4,32.0,0,0.733,49.113233287858115,0,-0.4430138440950442,-0.15516484865541752
Armazenamento,d3.xlarge,US West (Oregon),RHEL,Shared,4,32.0,0,0.557,64.63195691202871,0,-0.43130442450598777,-0.08440158164538097
Armazenamento,d3.xlarge,US West (Oregon),RHEL,Dedicated,4,32.0,0,0.607,59.308072487644154,0,-0.42457893555590615,-0.1420569548291674
Armazenamento,d3.xlarge,US West (Oregon),SUSE,Shared,4,32.0,0,0.556,64.74820143884891,0,-0.43204800202397264,-0.029761175320045498
Armazenamento,d3.xlarge,US West (Oregon),SUSE,Dedicated,4,32.0,0,0.606,59.40594059405941,0,-0.4253267116335533,-0.08745721117509454
Armazenamento,d3.xlarge,Asia Pacific (Tokyo),Linux,Shared,4,32.0,0,0.724,49.72375690607735,0,-0.42313910765589646,-0.09911160363527788
Armazenamento,d3.xlarge,Asia Pacific (Tokyo),Linux,Dedicated,4,32.0,0,0.797,45.1693851944793,0,-0.41437999678002574,-0.1560201663001156
Armazenamento,d3.xlarge,Asia Pacific (Tokyo),Windows,Shared,4,32.0,0,0.724,49.72375690607735,0,-0.4423418860501199,-0.10643398611304992
Armazenamento,d3.xlarge,Asia Pacific (Tokyo),Windows,Dedicated,4,32.0,0,0.981,36.69724770642202,0,-0.42065599229737666,-0.1897368975241617
Armazenamento,d3.xlarge,Asia Pacific (Tokyo),RHEL,Shared,4,32.0,0,0.782,46.03580562659847,0,-0.4122163956403474,-0.1316929361681184
Armazenamento,d3.xlarge,Asia Pacific (Tokyo),RHEL,Dedicated,4,32.0,0,0.854,42.15456674473068,0,-0.40338426471116234,-0.18707045254718366
Armazenamento,d3.xlarge,Asia Pacific (Tokyo),SUSE,Shared,4,32.0,0,0.78,46.15384615384615,0,-0.4130403370431964,-0.07700699315000505
Armazenamento,d3.xlarge,Asia Pacific (Tokyo),SUSE,Dedicated,4,32.0,0,0.853,42.20398593200469,0,-0.40414311017409277,-0.13257791489017984
Armazenamento,h1.2xlarge,US East (N. Virginia),Linux,Shared,8,32.0,0,0.468,85.47008547008546,0,-0.3358191346229236,0.048746468125871106
Armazenamento,h1.2xlarge,US East (N. Virginia),Linux,Dedicated,8,32.0,0,0.498,80.32128514056225,0,-0.3306691278024152,-0.007690233999760307
Armazenamento,h1.2xlarge,US East (N. Virginia),Windows,Shared,8,32.0,0,0.468,85.47008547008546,0,-0.3550219130171471,0.04142408564809906
Armazenamento,h1.2xlarge,US East (N. Virginia),Windows,Dedicated,8,32.0,0,0.498,80.32128514056225,0,-0.34987190619663866,-0.01501261647753235
Armazenamento,h1.2xlarge,US East (N. Virginia),RHEL,Shared,8,32.0,0,0.583,68.6106346483705,0,-0.3233016550654155,-0.015349343482671942
Armazenamento,h1.2xlarge,US East (N. Virginia),RHEL,Dedicated,8,32.0,0,0.613,65.25285481239804,0,-0.3177424441543993,-0.06782294093671444
Armazenamento,h1.2xlarge,US East (N. Virginia),SUSE,Shared,8,32.0,0,0.568,70.42253521126761,0,-0.32478865609815066,0.04362502449077753
Armazenamento,h1.2xlarge,US East (N. Virginia),SUSE,Dedicated,8,32.0,0,0.598,66.88963210702342,0,-0.31926945654265937,-0.009236079329099853
Armazenamento,h1.2xlarge,US West (Oregon),Linux,Shared,8,32.0,0,0.468,85.47008547008546,0,-0.33608826065456676,-0.007574332354694659
Armazenamento,h1.2xlarge,US West (Oregon),Linux,Dedicated,8,32.0,0,0.498,80.32128514056225,0,-0.33093825383405834,-0.06401103448032608
Armazenamento,h1.2xlarge,US West (Oregon),Windows,Shared,8,32.0,0,0.836,47.84688995215311,0,-0.3341620975544929,-0.11344297171520377
Armazenamento,h1.2xlarge,US West (Oregon),Windows,Dedicated,8,32.0,0,0.498,80.32128514056225,0,-0.3501410322282818,-0.07133341695809811
Armazenamento,h1.2xlarge,US West (Oregon),RHEL,Shared,8,32.0,0,0.583,68.6106346483705,0,-0.32357078109705867,-0.0716701439632377
Armazenamento,h1.2xlarge,US West (Oregon),RHEL,Dedicated,8,32.0,0,0.613,65.25285481239804,0,-0.3180115701860424,-0.12414374141728021
Armazenamento,h1.2xlarge,US West (Oregon),SUSE,Shared,8,32.0,0,0.568,70.42253521126761,0,-0.3250577821297938,-0.012695775989788237
Armazenamento,h1.2xlarge,US West (Oregon),SUSE,Dedicated,8,32.0,0,0.598,66.88963210702342,0,-0.3195385825743025,-0.06555687980966562
